cut_site,name,seq
GACGT/C,AatII,GACGTC
CNNNNNNNNNNN/NNNNNNNNNG,AbaSI,CNNNNNNNNNNNNNNNNNNNNG
G/GTACC,Acc65I,GGTACC
GT/MKAC,AccI,GTMKAC
CCGC(-3/-1),AciI,CCGC
AA/CGTT,AclI,AACGTT
CTGAAG(16/14),AcuI,CTGAAG
AGC/GCT,AfeI,AGCGCT
C/TTAAG,AflII,CTTAAG
A/CRYGT,AflIII,ACRYGT
A/CCGGT,AgeI-HF,ACCGGT
GACNNN/NNGTC,AhdI,GACNNNNNGTC
CACNN/NNGTG,AleI,CACNNNNGTG
AG/CT,AluI,AGCT
GGATC(4/5),AlwI,GGATC
CAGNNN/CTG,AlwNI,CAGNNNCTG
GGGCC/C,ApaI,GGGCCC
G/TGCAC,ApaLI,GTGCAC
G/CWGC,ApeKI ,GCWGC
R/AATTY,ApoI-HF,RAATTY
GG/CGCGCC,AscI,GGCGCGCC
AT/TAAT,AseI,ATTAAT
GCGAT/CGC,AsiSI,GCGATCGC
C/YCGRG,AvaI,CYCGRG
G/GWCC,AvaII,GGWCC
C/CTAGG,AvrII,CCTAGG
GKGCM/C,BaeGI,GKGCMC
(10/15)ACNNNNGTAYC(12/7),BaeI,ACNNNNGTAYC
G/GATCC,BamHI-HF,GGATCC
G/GYRCC,BanI,GGYRCC
GRGCY/C,BanII,GRGCYC
GAAGAC(2/6),BbsI-HF,GAAGAC
CCTCAGC(-5/-2),BbvCI,CCTCAGC
GCAGC(8/12),BbvI,GCAGC
CCATC(4/5),BccI,CCATC
ACGGC(12/14),BceAI,ACGGC
(10/12)CGANNNNNNTGC(12/10),BcgI,CGANNNNNNTGC
GTATCC(6/5),BciVI,GTATCC
T/GATCA,BclI-HF,TGATCA
GTCTC(1/5),BsmAI,GTCTC
C/TAG,BfaI,CTAG
GCCNNNN/NGGC,BglI,GCCNNNNNGGC
A/GATCT,BglII,AGATCT
GC/TNAGC,BlpI,GCTNAGC
CACGTC(-3/-3),BmgBI,CACGTC
ACTGGG(5/4),BmrI,ACTGGG
GCTAG/C,BmtI-HF,GCTAGC
CTGGAG(16/14),BpmI,CTGGAG
CCTNAGC(-5/-2),Bpu10I,CCTNAGC
CTTGAG(16/14),BpuEI,CTTGAG
YAC/GTR,BsaAI,YACGTR
GATNN/NNATC,BsaBI,GATNNNNATC
GR/CGYC,BsaHI,GRCGYC
GGTCTC(1/5),BsaI-HF,GGTCTC
C/CNNGG,BsaJI,CCNNGG
W/CCGGW,BsaWI,WCCGGW
(9/12)ACNNNNNCTCC(10/7),BsaXI,ACNNNNNCTCC
GAGGAG(10/8),BseRI,GAGGAG
CCCAGC(-5/-1),BseYI,CCCAGC
GTGCAG(16/14),BsgI,GTGCAG
CGRY/CG,BsiEI,CGRYCG
GWGCW/C,BsiHKAI,GWGCWC
C/GTACG,BsiWI-HF,CGTACG
CCNNNNN/NNGG,BslI,CCNNNNNNNGG
CGTCTC(1/5),BsmBI,CGTCTC
GGGAC(10/14),BsmFI,GGGAC
GAATGC(1/-1),BsmI,GAATGC
GDGCH/C,Bsp1286I,GDGCHC
CTCAG(9/7),BspCNI,CTCAG
AT/CGAT,BspDI,ATCGAT
T/CCGGA,BspEI,TCCGGA
T/CATGA,BspHI,TCATGA
ACCTGC(4/8),BspMI,ACCTGC
CCGCTC(-3/-3),BsrBI,CCGCTC
GCAATG(2/0),BsrDI,GCAATG
R/CCGGY,BsrF-I,RCCGGY
T/GTACA,BsrGI-HF,TGTACA
ACTGG(1/-1),BsrI,ACTGG
G/CGCGC,BssHII,GCGCGC
CACGAG(-5/-1),BssS-I,CACGAG
GCANNNN/NTGC,BstAPI,GCANNNNNTGC
TT/CGAA,BstBI,TTCGAA
G/GTNACC,BstEII-HF,GGTNACC
CC/WGG,BstNI,CCWGG
CG/CG,BstUI,CGCG
CCANNNNN/NTGG,BstXI,CCANNNNNNTGG
R/GATCY,BstYI,RGATCY
GTATAC,BstZ17I-HF,GTATAC
CC/TNAGG,Bsu36I,CCTNAGG
C/CRYGG,BtgI,CCRYGG
GCGATG(10/14),BtgZI,GCGATG
GGATG(2/0),BtsCI,GGATG
CAGTG(2/0),BtsIMutI,CAGTG
GCAGTG(2/0),Bts-I,GCAGTG
GCN/NGC,Cac8I,GCNNGC
(11/13)CAANNNNNGTGG(12/10),CspCI,CAANNNNNGTGG
C/ATG,CviAII,CATG
RG/CY,CviKI-1,RGCY
G/TAC,CviQI,GTAC
C/TNAG,DdeI,CTNAG
GA/TC,DpnI,GATC
/GATC,DpnII,GATC
TTT/AAA,DraI,TTTAAA
CACNNN/GTG,DraIII-HF,CACNNNGTG
GACNNNN/NNGTC,DrdI,GACNNNNNNGTC
Y/GGCCR,EaeI,YGGCCR
C/GGCCG,EagI-HF,CGGCCG
CTCTTC(1/4),EarI,CTCTTC
GGCGGA(11/9),EciI,GGCGGA
GAG/CTC,Eco53kI,GAGCTC
CCTNN/NNNAGG,EcoNI,CCTNNNNNAGG
RG/GNCCY,EcoO109I,RGGNCCY
CAGCAG(25/27),EcoP15I,CAGCAG
G/AATTC,EcoRI-HF,GAATTC
GAT/ATC,EcoRV-HF,GATATC
/CATG,FatI,CATG
CCCGC(4/6),FauI,CCCGC
GC/NGC,Fnu4HI,GCNGC
GGATG(9/13),FokI,GGATG
GGCCGG/CC,FseI,GGCCGGCC
CC(12/16),FspEI,CC(1216)
TGC/GCA,FspI,TGCGCA
RGCGC/Y,HaeII,RGCGCY
GG/CC,HaeIII,GGCC
GACGC(5/10),HgaI,GACGC
GCG/C,HhaI,GCGC
GTY/RAC,HincII,GTYRAC
A/AGCTT,HindIII-HF,AAGCTT
G/ANTC,HinfI,GANTC
G/CGC,HinP1I,GCGC
GTT/AAC,HpaI,GTTAAC
GGTGA(8/7),HphI,GGTGA
GTN/NAC,Hpy166II,GTNNAC
TCN/GA,Hpy188I,TCNGA
TC/NNGA,Hpy188III,TCNNGA
CGWCG/,Hpy99I,CGWCG
CCTTC(6/5),HpyAV,CCTTC
ACN/GT,HpyCH4III,ACNGT
A/CGT,HpyCH4IV,ACGT
TG/CA,HpyCH4V,TGCA
TAACTATAACGGTCCTAAGGTAGCGAA(-9/-13),I-CeuI,TAACTATAACGGTCCTAAGGTAGCGAA
TAGGGATAACAGGGTAAT(-9/-13),I-SceI,TAGGGATAACAGGGTAAT
G/GCGCC,KasI,GGCGCC
GGTAC/C,KpnI-HF,GGTACC
CCDG(10/14),LpnPI,CCDG
GAAGA(8/7),MboII,GAAGA
C/AATTG,MfeI-HF,CAATTG
/AATT,MluCI,AATT
A/CGCGT,MluI-HF,ACGCGT
GAGTC(5/5),MlyI,GAGTC(55)
TCCRAC(20/18),MmeI,TCCRAC
CCTC(7/6),MnlI,CCTC(76)
TGG/CCA,MscI,TGGCCA
T/TAA,MseI,TTAA
CAYNN/NNRTG,MslI,CAYNNNNRTG
CMG/CKG,MspA1I,CMGCKG
C/CGG,HpaII,CCGG
CNNR(9/13),MspJI,CNNR
GCNNNNN/NNGC,MwoI,GCNNNNNNNGC
GCC/GGC,NaeI,GCCGGC
GG/CGCC,NarI,GGCGCC
CCTCAGC,Nb.BbvCI,CCTCAGC
GAATGC,Nb.BsmI,GAATGC
GCAATG,Nb.BsrDI,GCAATG
CACGAG,Nb.BssSI,CACGAG
GCAGTG,Nb.BtsI,GCAGTG
CC/SGG,NciI,CCSGG
C/CATGG,NcoI-HF,CCATGG
CA/TATG,NdeI,CATATG
G/CCGGC,NgoMIV,GCCGGC
G/CTAGC,NheI-HF,GCTAGC
CATG/,NlaIII,CATG
GGN/NCC,NlaIV,GGNNCC
GCCGAG(21/19),NmeAIII,GCCGAG
GC/GGCCGC,NotI-HF,GCGGCCGC
TCG/CGA,NruI-HF,TCGCGA
ATGCA/T,NsiI-HF,ATGCAT
RCATG/Y,NspI,RCATGY
GGATC(4/-5),Nt.AlwI,GGATC
CCTCAGC(-5/-7),Nt.BbvCI,CCTCAGC
GTCTC(1/-5),Nt.BsmAI,GTCTC
GCTCTTC(1/-7),Nt.BspQI,GCTCTTC
GAGTC(4/-5),Nt.BstNBI,GAGTC
(0/-1)CCD,Nt.CviPII,CCD
TTAAT/TAA,PacI,TTAATTAA
C/TCGAG,XhoI,CTCGAG
A/CATGT,PciI,ACATGT
GACN/NNGTC,PflFI ,GACNNNGTC
CCANNNN/NTGG,PflMI,CCANNNNNTGG
TGGCAAACAGCTATTATGGGTATTATGGGT(-13/-17),PI-PspI,TGGCAAACAGCTATTATGGGTATTATGGGT
ATCTATGTCGGGTGCGGAGAAAGAGGTAAT(-15/-19),PI-SceI,ATCTATGTCGGGTGCGGAGAAAGAGGTAAT
GAGTC(4/5),PleI,GAGTC
GGCGC/C,PluTI,GGCGCC
GTTT/AAAC,PmeI,GTTTAAAC
CAC/GTG,PmlI,CACGTG
RG/GWCCY,PpuMI,RGGWCCY
GACNN/NNGTC,PshAI,GACNNNNGTC
TTA/TAA,PsiI,TTATAA
/CCWGG,PspGI,CCWGG
G/GGCCC,PspOMI,GGGCCC
VC/TCGAGB,PspXI,VCTCGAGB
CTGCA/G,PstI-HF,CTGCAG
CGAT/CG,PvuI-HF,CGATCG
CAG/CTG,PvuII-HF,CAGCTG
GT/AC,RsaI,GTAC
CG/GWCCG,RsrII,CGGWCCG
GAGCT/C,SacI-HF,GAGCTC
CCGC/GG,SacII,CCGCGG
G/TCGAC,SalI-HF,GTCGAC
GCTCTTC(1/4),SapI,GCTCTTC
G/GNCC,Sau96I,GGNCC
CCTGCA/GG,SbfI-HF,CCTGCAGG
AGT/ACT,ScaI-HF,AGTACT
CC/NGG,ScrFI,CCNGG
A/CCWGGT,SexAI,ACCWGGT
GCATC(5/9),SfaNI,GCATC(59)
C/TRYAG,SfcI,CTRYAG
GGCCNNNN/NGGCC,SfiI,GGCCNNNNNGGCC
GGC/GCC,SfoI,GGCGCC
CR/CCGGYG,SgrAI,CRCCGGYG
CCC/GGG,SmaI,CCCGGG
C/TYRAG,SmlI,CTYRAG
TAC/GTA,SnaBI,TACGTA
A/CTAGT,SpeI-HF,ACTAGT
GCATG/C,SphI-HF,GCATGC
GCCC/GGGC,SrfI,GCCCGGGC
AAT/ATT,SspI-HF,AATATT
AGG/CCT,StuI,AGGCCT
/CCNGG,StyD4I,CCNGG
C/CWWGG,StyI-HF,CCWWGG
ATTT/AAAT,SwaI,ATTTAAAT
T/CGA,Taq-I,TCGA
G/AWTC,TfiI,GAWTC
/GTSAC,Tsp45I,GTSAC
C/CCGGG,XmaI,CCCGGG
NNCASTGNN/,TspRI,NNCASTGNN
T/CTAGA,XbaI,TCTAGA
CCANNNNN/NNNNTGG,XcmI,CCANNNNNNNNNTGG
GAANN/NNTTC,XmnI,GAANNNNTTC
GAC/GTC,ZraI,GACGTC
